# ([0-9]*)\|([0-9]*)\|([^|]*)\|([0-9]*)
# update concejal set ge_id = \4 where municipio_id = \1 and provincia_id = \2;
 

10|1|AYALA / AIARA|4120
11|1|BAÑOS DE EBRO / MAÑUETA|4121
17|1|CAMPEZO / KANPEZU|4125
21|1|ELBURGO / BURGELU|4126
23|1|ELVILLAR / BILAR|4128
56|1|HARANA / VALLE DE ARANA|4129
901|1|IRUÑA OKA / IRUÑA DE OCA|4130
28|1|LABASTIDA / BASTIDA|4134
32|1|LANCIEGO / LANTZIEGO|4137
36|1|LAUDIO / LLODIO|4140
43|1|OYON / OION|4146
46|1|RIBERA ALTA|4148
47|1|RIBERA BAJA / ERRIBERA BE|4149
51|1|SALVATIERRA O AGURAIN|4150
53|1|SAN MILLAN / DONEMILIAGA|4152
55|1|VALDEGOVIA / GAUBEA|4154
57|1|VILLABUENA DE ALAVA / ESK|4155
60|1|YECORA / IEKORA|4157
14|2|BALLESTERO (EL)|6454
19|2|BONILLO (EL)|6459
29|2|CHINCHILLA DE MONTE-ARAGO|6469
35|2|GINETA (LA)|6475
38|2|HERRERA (LA)|6478
66|2|RECUEJA (LA)|6507
69|2|RODA (LA)|6510
9|3|ALCOY / ALCOI|3978
11|3|ALFAS DEL PI (L')|3980
14|3|ALICANTE / ALACANT|3973
17|3|ALQUERIA D'ASNAR (L')|3985
42|3|BENITACHELL / EL POBLE NO|4010
47|3|CALPE / CALP|4015
50|3|CAMPELLO (EL)|4018
51|3|CAMPO DE MIRRA / CAMP DE|4019
65|3|ELCHE / ELX|4033
77|3|HONDON DE LAS NIEVES|4045
81|3|JALON / XALO|4048
82|3|JAVEA / XABIA|4049
83|3|JIJONA / XIXONA|4050
84|3|LORCHA / ORXA (L')|4051
89|3|MONOVAR / MONOVER|4055
903|3|MONTESINOS (LOS)|4056
94|3|NUCIA (LA)|4061
105|3|PINOSO|4073
901|3|POBLETS (ELS)|4075
110|3|RAFOL D'ALMUNIA (EL)|4079
114|3|ROMANA (LA)|4083
119|3|SAN JOAN D'ALACANT|4091
122|3|SAN VICENTE DEL RASPEIG /|4089
132|3|TORREMANZANAS / TORRE DE|4101
135|3|VALL DE EBO|4104
137|3|VALL DE LAGUART|4106
138|3|VERGER (EL)|4107
139|3|VILLAJOYOSA / VILA JOIOSA|4108
902|4|EJIDO (EL)|153
48|4|GALLARDOS (LOS)|159
903|4|MOJONERA (LA)|177
901|4|TRES VILLAS (LAS)|206
1|5|ADANERO|7851
2|5|ADRADA (LA)|7852
8|5|ALDEASECA|7855
13|5|ARENAL (EL)|7858
14|5|ARENAS DE SAN PEDRO|7859
16|5|AREVALO|7861
19|5|AVILA|7864
21|5|BARCO DE AVILA (EL)|7865
22|5|BARRACO (EL)|7866
24|5|BECEDAS|7868
26|5|BERCIAL DE ZAPARDIEL|7870
27|5|BERLANAS (LAS)|7871
33|5|BLASCOMILLAN|7874
37|5|BOHOYO|7878
41|5|BURGOHONDO|7882
44|5|CABEZAS DEL VILLAR|7885
47|5|CANDELEDA|7888
49|5|CARDEÑOSA|7890
54|5|CASAVIEJA|7894
55|5|CASILLAS|7895
57|5|CEBREROS|7897
61|5|COLILLA (LA)|7901
65|5|CRESPOS|7905
66|5|CUEVAS DEL VALLE|7906
73|5|FLORES DE AVILA|7912
74|5|FONTIVEROS|7913
76|5|FRESNO (EL)|7915
77|5|FUENTE EL SAUZ|7916
82|5|GAVILANES|7921
89|5|GUISANDO|7928
93|5|HERRADON DE PINARES|7931
95|5|HIGUERA DE LAS DUEÑAS|7933
97|5|HORCAJADA (LA)|7935
99|5|HORCAJO DE LAS TORRES|7936
100|5|HORNILLO (EL)|7937
102|5|HOYO DE PINARES|7938
101|5|HOYOCASERO|7939
105|5|HOYOS DEL ESPINO|7943
109|5|LANGA|7946
110|5|LANZAHITA|7947
114|5|MADRIGAL DE LAS ALTAS TOR|7950
115|5|MAELLO|7951
117|5|MAMBLAS|7953
121|5|MARTIHERRERO|7957
127|5|MIJARES|7963
128|5|MINGORRIA|7964
132|5|MOMBELTRAN|7968
135|5|MUÑANA|7971
138|5|MUÑOGALINDO|7973
152|5|NAVA DE AREVALO|7984
156|5|NAVAHONDILLA|7989
157|5|NAVALACRUZ|7990
158|5|NAVALMORAL|7991
159|5|NAVALONGUILLA|7992
160|5|NAVALOSA|7993
161|5|NAVALPERAL DE PINARES|7994
163|5|NAVALUENGA|7996
165|5|NAVARREDONDA DE GREDOS|7998
166|5|NAVARREDONDILLA|7999
167|5|NAVARREVISCA|8000
168|5|NAVAS DEL MARQUES (LAS)|8001
169|5|NAVATALGORDO|8002
178|5|PALACIOS DE GODA|8011
179|5|PAPATRIGO|8012
182|5|PEDRO BERNARDO|8015
184|5|PEGUERINOS|8017
186|5|PIEDRAHITA|8019
187|5|PIEDRALAVES|8020
189|5|POYALES DEL HOYO|8022
193|5|RASUEROS|8026
195|5|RIOFRIO|8028
201|5|SAN BARTOLOME DE PINARES|8034
207|5|SAN ESTEBAN DEL VALLE|8037
901|5|SAN JUAN DE GREDOS|8039
211|5|SAN JUAN DE LA NAVA|8041
212|5|SAN JUAN DEL MOLINILLO|8042
216|5|SAN MARTIN DEL PIMPOLLAR|8046
220|5|SAN PEDRO DEL ARROYO|8050
204|5|SANCHIDRIAN|8052
221|5|SANTA CRUZ DEL VALLE|8055
225|5|SANTA MARIA DEL BERROCAL|8058
902|5|SANTA MARIA DEL CUBILLO|8059
227|5|SANTA MARIA DEL TIETAR|8060
228|5|SANTIAGO DEL COLLADO|8061
233|5|SERRANILLOS|8066
237|5|SOLANA DE RIOALMAR|8070
238|5|SOLOSANCHO|8071
239|5|SOTALBO|8072
240|5|SOTILLO DE LA ADRADA|8073
241|5|TIEMBLO (EL)|8074
242|5|TIÑOSILLOS|8075
245|5|TORNADIZOS DE AVILA|8078
247|5|TORRE (LA)|8079
905|5|VILLANUEVA DE AVILA|8088
262|5|VILLAREJO DEL VALLE|8093
5|6|ALBUERA (LA)|4167
37|6|CODOSERA (LA)|4199
39|6|CORONADA (LA)|4201
58|6|GARROVILLA (LA)|4220
61|6|HABA (LA)|4223
71|6|LAPA (LA)|4233
89|6|MORERA (LA)|4251
90|6|NAVA DE SANTIAGO (LA)|4252
99|6|PARRA (LA)|4261
902|6|PUEBLONUEVO DE GUADIANA|4271
115|6|ROCA DE LA SIERRA (LA)|4278
122|6|SANTOS DE MAIMONA (LOS)|4286
162|6|ZARZA (LA)|4326
64|7|CASTELL (ES)|5289
28|7|LLORET DE VISTA ALEGRE|5303
32|7|MAHON|5309
37|7|MERCADAL (ES)|5312
902|7|MIGJORN GRAN (ES)|5313
44|7|POBLA (SA)|5318
59|7|SALINES (SES)|5322
51|7|SANT LLORENÇ DES CARDASSA|5327
5|8|AMETLLA DEL VALLES (L')|6134
24|8|BORREDA|6154
25|8|BRUC (EL)|6155
27|8|CABANYES (LES)|6157
78|8|ESPUNYOLA (L')|6210
79|8|ESTANY (L')|6211
86|8|FRANQUESES DEL VALLES (LE|6219
88|8|GARRIGA (LA)|6222
94|8|GRANADA (LA)|6227
101|8|HOSPITALET DE LLOBREGAT (|6233
162|8|HOSTALETS DE PIEROLA (ELS|6234
104|8|LLACUNA (LA)|6237
105|8|LLAGOSTA (LA)|6238
116|8|MASIES DE RODA (LES)|6250
117|8|MASIES DE VOLTREGA (LES)|6251
118|8|MASNOU (EL)|6252
156|8|PALAU - SOLITA I PLEGAMAN|6289
905|8|PALMA DE CERVELLO (LA)|6290
158|8|PAPIOL (EL)|6292
164|8|PLA DEL PENEDES (EL)|6297
165|8|POBLA DE CLARAMUNT (LA)|6298
166|8|POBLA DE LILLET (LA)|6299
182|8|PONT DE VILOMARA I ROCAFO|6301
169|8|PRAT DE LLOBREGAT (EL)|6303
170|8|PRATS DE REI (ELS)|6305
181|8|ROCA DEL VALLES (LA)|6315
207|8|SANT ESTEVE DE PALAUTORDE|6337
209|8|SANT FOST DE CAMPSENTELLE|6342
98|8|SANT SALVADOR DE GUARDIOL|6372
247|8|SANTA EULALIA DE RIUPRIME|6381
250|8|SANTA MARGARIDA DE MONTBU|6384
251|8|SANTA MARGARIDA I ELS MON|6385
256|8|SANTA MARIA DE MARTORELLE|6389
259|8|SANTA MARIA DE PALAUTORDE|6392
286|8|TORRE DE CLARAMUNT (LA)|6414
34|9|BALBASES (LOS)|809
168|9|HORRA (LA)|912
276|9|PUEBLA DE ARGANZON (LA)|997
901|9|QUINTANILLA DEL AGUA Y TO|1008
297|9|QUINTANILLAS (LAS)|1012
421|9|VID Y BARRIOS (LA)|1107
903|9|VILLARCAYO DE MERINDAD DE|1137
13|10|ALDEA DEL OBISPO (LA)|1863
69|10|CUMBRE (LA)|1920
78|10|GARGANTA (LA)|1929
85|10|GORDO (EL)|1935
86|10|GRANJA (LA)|1936
144|10|PESGA (LA)|1994
184|10|TORNO (EL)|2035
8|11|BARRIOS (LOS)|2369
11|11|BOSQUE (EL)|2373
18|11|GASTOR (EL)|2380
22|11|LINEA DE LA CONCEPCION (L|2384
27|11|PUERTO DE SANTA MARIA (EL|2389
5|12|ALCORA (L')|5141
9|12|ALMAZORA / ALMASSORA|5145
901|12|ALQUERIAS DEL NIÑO PERDID|5148
28|12|BENICASIM / BENICASSIM|5163
40|12|CASTELLON DE LA PLANA / C|5173
52|12|CHERT / XERT|5185
53|12|CHILCHES / XILXES|5186
50|12|COVES DE VINROMA (LES)|5183
70|12|JANA (LA)|5200
74|12|LLOSA (LA)|5204
85|12|OROPESA DEL MAR / ORPESA|5215
93|12|POBLA DE BENIFASSA (LA)|5220
94|12|POBLA TORNESA (LA)|5221
98|12|SALZADELLA (LA)|5227
99|12|SANT JORDI / SAN JORGE|5230
108|12|SUERAS / SUERA|5238
115|12|TORO (EL)|5245
122|12|USERAS / USERES (LES)|5252
126|12|VALL D'UIXO (LA)|5254
136|12|VILAVELLA (LA)|5262
129|12|VILLAFRANCA DEL CID/VILAF|5263
135|12|VILLARREAL / VILA-REAL|5258
36|13|CORTIJOS (LOS)|4364
40|13|FERNANCABALLERO|4368
50|13|LABORES (LAS)|4378
67|13|POZUELOS DE CALATRAVA (LO|4396
901|13|ROBLEDO (EL)|4402
79|13|SOLANA (LA)|4411
93|13|VILLANUEVA DE LOS INFANTE|4424
11|14|BLAZQUEZ (LOS)|3295
17|14|CARLOTA (LA)|3301
18|14|CARPIO (EL)|3302
32|14|GRANJUELA (LA)|3316
34|14|GUIJO (EL)|3318
57|14|RAMBLA (LA)|3341
59|14|SAN SEBASTIAN DE LOS BALL|3343
65|14|VICTORIA (LA)|3349
74|14|VISO (EL)|3358
7|15|BAÑA (A)|6535
18|15|CAPELA (A)|6546
30|15|CORUÑA (A)|6559
41|15|LARACHA (A)|6569
66|15|PINO (O)|6595
67|15|POBRA DO CARAMIÑAL (A)|6596
70|15|PONTES DE GARCIA RODRIGUE|6599
80|15|SOBRADO DOS MONXES|6609
81|15|SOMOZAS (AS)|6610
2|16|ACEBRON (EL)|1155
7|16|ALBERCA DE ZANCARA (LA)|1160
15|16|ALMARCHA (LA)|1168
98|16|HERRUMBLAR (EL)|1243
99|16|HINOJOSA (LA)|1244
100|16|HINOJOSOS (LOS)|1245
121|16|MAJADAS (LAS)|1263
124|16|MESAS (LAS)|1266
153|16|PEDERNOSO (EL)|
154|16|PEDROÑERAS (LAS)|
155|16|PERAL (EL)|
158|16|PICAZO (EL)|
159|16|PINAREJO|
166|16|POZOAMARGO|
908|16|POZORRUBIELOS DE LA MANCH|
167|16|POZORRUBIO|
170|16|PRIEGO|
171|16|PROVENCIO (EL)|
172|16|PUEBLA DE ALMENARA|
173|16|PUEBLA DE DON FRANCISCO|
174|16|PUEBLA DEL SALVADOR|
175|16|QUINTANAR DEL REY|
186|16|SAELICES|
189|16|SALVACAÑETE|
190|16|SAN CLEMENTE|
191|16|SAN LORENZO DE LA PARRILL|
194|16|SANTA CRUZ DE MOYA|
196|16|SANTA MARIA DE LOS LLANOS|
195|16|SANTA MARIA DEL CAMPO RUS|
198|16|SISANTE|
909|16|SOTORRIBAS|
202|16|TALAYUELAS|
203|16|TARANCON|
204|16|TEBAR|
206|16|TINAJAS|
211|16|TORREJONCILLO DEL REY|
212|16|TORRUBIA DEL CAMPO|
215|16|TRAGACETE|
216|16|TRESJUNCOS|
218|16|UCLES|
228|16|VALDEOLIVAS|
903|16|VALERAS (LAS)|
236|16|VALVERDE DE JUCAR|
238|16|VARA DE REY|
242|16|VILLACONEJOS DE TRABAQUE|
243|16|VILLAESCUSA DE HARO|
244|16|VILLAGARCIA DEL LLANO|
245|16|VILLALBA DE LA SIERRA|
246|16|VILLALBA DEL REY|
248|16|VILLALPARDO|
249|16|VILLAMAYOR DE SANTIAGO|
251|16|VILLANUEVA DE LA JARA|
253|16|VILLAR DE CAÑAS|
263|16|VILLAR DE OLALLA|
258|16|VILLAR DEL HUMO|
264|16|VILLAREJO DE FUENTES|
266|16|VILLAREJO-PERIESTEBAN|
269|16|VILLARES DEL SAZ|
271|16|VILLARTA|
272|16|VILLAS DE LA VENTOSA|
273|16|VILLAVERDE Y PASACONSOL|
279|16|ZARZA DE TAJO|
280|16|ZARZUELA|
11|17|ARMENTERA (L')|1638
22|17|BISBAL D'EMPORDA (LA)|1647
189|17|CELLERA DE TER (LA)|1674
901|17|CRUILLES, MONELLS I SANT|1682
62|17|ESCALA (L')|1685
5|17|FAR D'EMPORDA (EL)|1689
86|17|JONQUERA (LA)|1710
130|17|PERA (LA)|1749
133|17|PLANES D'HOSTOLES (LES)|1751
140|17|PORT DE LA SELVA (EL)|1756
139|17|PRESES (LES)|1758
167|17|SANT JOAN DE LES ABADESSE|1785
903|17|SANT JULIA DEL LLOR I BON|1790
187|17|SAUS|1798
195|17|TALLADA D'EMPORDA (LA)|1812
207|17|VALL D'EN BAS (LA)|1825
208|17|VALL DE BIANYA (LA)|1826
114|18|CALAHORRA (LA)|6743
905|18|GABIAS (LAS)|6781
906|18|GUAJARES (LOS)|6790
126|18|MALAHA (LA)|6817
154|18|PEZA (LA)|6842
910|18|PINAR (EL)|6843
901|18|TAHA (LA)|6861
902|18|VALLE (EL)|6868
193|18|ZUBIA (LA)|6879
71|19|CASAR (EL)|2130
55|20|ARRASATE O MONDRAGON|6639
24|20|BIDEGOYAN|6652
65|20|SORALUZE / PLACENCIA DE L|6698
3|21|ALMENDRO (EL)|5060
18|21|CAMPILLO (EL)|5075
23|21|CERRO DE ANDEVALO (EL)|5080
37|21|GRANADO (EL)|5094
48|21|MARINES (LOS)|5105
51|21|NAVA (LA)|5108
54|21|PALMA DEL CONDADO (LA)|5111
76|21|VILLANUEVA DE LOS CASTILL|5133
113|22|FUEVA (LA)|4946
115|22|GRADO (EL)|4948
173|22|PEÑAS DE RIGLOS (LAS)|4988
187|22|PUEBLA DE CASTRO (LA)|4998
904|22|SOTONERA (LA)|5029
24|23|CAROLINA (LA)|3027
38|23|GUARDIA DE JAEN (LA)|3041
47|23|IRUELA (LA)|3049
72|23|PUERTA DE SEGURA (LA)|3074
99|23|VILLARES (LOS)|3099
5|24|ANTIGUA (LA)|2797
10|24|BAÑEZA (LA)|2802
12|24|BARRIOS DE LUNA (LOS)|2804
24|24|BURGO RANERO (EL)|2815
68|24|ERCINA (LA)|2856
104|24|OMAÑAS (LAS)|2889
113|24|POBLADURA DE PELAYO GARCI|2897
114|24|POLA DE GORDON (LA)|2898
134|24|ROBLA (LA)|2916
144|24|SAN CRISTOBAL DE LA POLAN|2922
153|24|SANTA CRISTINA DE VALMADR|2931
156|24|SANTA MARIA DEL MONTE DE|2936
162|24|SANTOVENIA DE LA VALDONCI|2940
193|24|VECILLA (LA)|2969
216|24|VILLAMONTAN DE LA VALDUER|2989
218|24|VILLANUEVA DE LAS MANZANA|2991
4|25|ALAMUS (ELS)|4626
6|25|ALBAGES (L')|4628
9|25|ALBI (L')|4631
37|25|AVELLANES I SANTA LINYA (|4653
42|25|BARONIA DE RIALB (LA)|4658
58|25|BORGES BLANQUES (LES)|4671
163|25|COMA I LA PEDRA (LA)|4692
81|25|ESPLUGA CALBA (L')|4696
96|25|FULIOLA (LA)|4707
912|25|GIMENELLS I EL PLA DE LA|4710
101|25|GRANADELLA (LA)|4713
102|25|GRANJA D'ESCARP (LA)|4714
903|25|GUINGUETA D'ANEU (LA)|4719
153|25|OMELLONS (ELS)|4761
158|25|PALAU D'ANGLESOLA (EL)|4766
911|25|PLANS DE SIO (ELS)|4771
168|25|POAL (EL)|4772
171|25|POBLA DE SEGUR (LA)|4774
173|25|PONT DE SUERT (EL)|4776
174|25|PORTELLA (LA)|4778
191|25|SANAUJA|4793
35|25|SENTIU DE SIO (LA)|4803
203|25|SEU D'URGELL (LA)|4805
206|25|SOLERAS (EL)|4807
227|25|TORRE DE CABDELLA (LA)|4825
43|25|VALL DE BOI (LA)|4834
906|25|VALLS D'AGUILAR (LES)|4838
239|25|VALLS DE VALIRA (LES)|4839
142|26|SAN VICENTE DE LA SONSIER|3490
138|26|SANTO DOMINGO DE LA CALZA|3494
170|26|VILLAR DE ARNEDO (EL)|3522
14|27|CORGO (O)|3916
18|27|FONSAGRADA (A)|3920
24|27|INCIO (O)|3925
37|27|NOGAIS (AS)|3936
43|27|PARAMO (O)|3943
44|27|PASTORIZA (A)|3942
47|27|POBRA DO BROLLON (A)|3945
48|27|PONTENOVA (A)|3947
58|27|SAVIÑAO (O)|3957
63|27|VALADOURO (O)|3962
64|27|VICEDO (O)|3963
4|28|ALAMO (EL)|7134
21|28|BERRUECO (EL)|7138
23|28|BOALO (EL)|7141
30|28|CABRERA (LA)|7148
54|28|ESCORIAL (EL)|7172
63|28|GARGANTILLA DEL LOZOYA Y|7181
901|28|LOZOYUELA - NAVAS - SIETE|7194
86|28|MOLAR (EL)|7203
87|28|MOLINOS (LOS)|7204
127|28|ROZAS DE MADRID (LAS)|7242
131|28|SAN LORENZO DE EL ESCORIA|7246
133|28|SAN MARTIN DE VALDEIGLESI|7248
134|28|SAN SEBASTIAN DE LOS REYE|7249
137|28|SANTOS DE LA HUMOSA (LOS)|7252
168|28|VELLON (EL)|7282
30|29|BORGE (EL)|3178
31|29|BURGO (EL)|3179
902|30|ALCAZARES (LOS)|3107
38|30|TORRES DE COTILLAS (LAS)|3142
41|30|UNION (LA)|3145
9|31|AIBAR / OIBAR|2528
10|31|ALTSASU / ALSASUA|2529
19|31|AOIZ / AGOITZ|2538
28|31|ARCE / ARTZI|2547
29|31|ARCOS (LOS)|2548
58|31|AURITZ / BURGUETE|2560
250|31|BERA / VERA DE BIDASOA|2575
60|31|BURLADA / BURLATA|2586
221|31|DONEZTEBE / SANTESTEBAN|2608
97|31|ESTELLA / LIZARRA|2619
93|31|EZCAROZ / EZKAROZE|2627
122|31|HUARTE / UHARTE|2649
128|31|ISABA / IZABA|2656
158|31|LONGUIDA / LONGIDA|2686
248|31|LUZAIDE / VALCARLOS|2689
88|31|NOAIN (VALLE DE ELORZ) /|2712
185|31|OCHAGAVIA|2715
189|31|OLAZTI / OLAZAGUTIA|2719
193|31|OLZA|2598
906|31|ORCOYEN|2727
201|31|PAMPLONA / IRUÑA|2732
206|31|PUENTE LA REINA / GARES|2737
210|31|RONCAL / ERRONKARI|2741
216|31|SANGÜESA / ZANGOZA|2747
239|31|URDAZUBI / URDAX|2768
243|31|URROZ|2773
258|31|VILLAVA / ATARRABIA|2784
260|31|YERRI|2778
907|31|ZIZUR MAYOR / ZIZUR NAGUS|2788
3|32|ARNOIA (A)|25
9|32|BARCO DE VALDEORRAS (O)|31
12|32|BLANCOS (OS)|34
14|32|BOLA (A)|36
15|32|BOLO (O)|37
19|32|CARBALLIÑO (O)|41
34|32|GUDIÑA (A)|55
35|32|IRIXO (O)|56
47|32|MERCA (A)|66
48|32|MEZQUITA (A)|67
58|32|PEREIRO DE AGUIAR (O)|78
59|32|PEROXA (A)|81
63|32|POBRA DE TRIVES (A)|91
72|32|RUA (A)|99
80|32|TEIXEIRA (A)|102
83|32|VEIGA (A)|102
23|33|FRANCO (EL)|1572
54|33|REGUERAS (LAS)|1602
60|33|SAN MARTIN DEL REY AURELI|1609
904|34|PERNIA (LA)|4531
14|35|OLIVA (LA)|3264
16|35|PALMAS DE GRAN CANARIA (L|3265
20|35|SAN NICOLAS DE TOLENTINO|
23|35|SANTA MARIA DE GUIA DE GR|3272
31|35|VALSEQUILLO DE GRAN CANAR|3280
9|36|CAÑIZA (A)|228
13|36|COVELO (O)|232
17|36|ESTRADA (A)|236
22|36|GROVE (O)|240
23|36|GUARDA (A)|241
901|36|ILLA DE AROUSA (A)|242
25|36|LAMA (A)|244
34|36|NEVES (AS)|253
43|36|PONTE-CALDELAS|258
39|36|PORRIÑO (O)|262
48|36|ROSAL (O)|267
10|37|ALBERCA (LA)|3547
54|37|BODON (EL)|3587
61|37|CABACO (EL)|3594
77|37|CAMPO DE PEÑARANDA (EL)|3606
96|37|CASTILLEJO DE MARTIN VIEJ|3622
102|37|CERRO (EL)|3628
113|37|CUBO DE DON SANCHO (EL)|3637
123|37|ENCINASOLA DE LOS COMENDA|3647
132|37|FREGENEDA (LA)|3656
135|37|FUENTE DE SAN ESTEBAN (LA|3659
138|37|FUENTERROBLE DE SALVATIER|3662
177|37|MAILLO (EL)|3700
187|37|MATILLA DE LOS CAÑOS DEL|3709
219|37|NAVARREDONDA DE LA RINCON|3740
224|37|ORBADA (LA)|3744
234|37|PAYO (EL)|3753
239|37|PEDROSO DE LA ARMUÑA (EL)|3758
278|37|SAN CRISTOBAL DE LA CUEST|3799
285|37|SAN FELICES DE LOS GALLEG|3800
300|37|SANTOS (LOS)|3820
346|37|VEGUILLAS (LAS)|3863
347|37|VELLES (LA)|3864
18|38|GUANCHA (LA)|1311
24|38|LLANOS DE ARIDANE (LOS)|1312
25|38|MATANZA DE ACENTEJO (LA)|1313
26|38|OROTAVA (LA)|1314
27|38|PASO (EL)|1315
31|38|REALEJOS (LOS)|1320
32|38|ROSARIO (EL)|1321
23|38|SAN CRISTOBAL DE LA LAGUN|1323
36|38|SAN SEBASTIAN DE LA GOMER|1326
41|38|SAUZAL (EL)|1331
42|38|SILOS (LOS)|1332
44|38|TANQUE (EL)|1334
51|38|VICTORIA DE ACENTEJO (LA)|1341
8|39|ASTILLERO (EL)|7555
25|39|CORRALES DE BUELNA (LOS)|7573
32|39|HERMANDAD DE CAMPOO DE SU|7579
65|39|ROZAS DE VALDEARROYO (LAS|7612
80|39|SAN VICENTE DE LA BARQUER|7620
86|39|TOJOS (LOS)|7633
101|39|VILLAVERDE DE TRUCIOS|
76|40|ESPINAR (EL)|350
89|40|FUENTESAUCO DE FUENTIDUEÑ|362
112|40|LASTRILLA (LA)|381
113|40|LOSA (LA)|382
121|40|MARTIN MUÑOZ DE LAS POSAD|388
185|40|SANTA MARIA LA REAL DE NI|448
189|40|SANTIUSTE DE SAN JUAN BAU|451
7|41|ALGABA (LA)|498
20|41|CABEZAS DE SAN JUAN (LAS)|511
22|41|CAMPANA (LA)|513
27|41|CASTILBLANCO DE LOS ARROY|519
31|41|CASTILLO DE LAS GUARDAS (|523
36|41|CORONIL (EL)|528
37|41|CORRALES (LOS)|529
903|41|CUERVO DE SEVILLA (EL)|530
43|41|GARROBO (EL)|536
52|41|LANTEJUELA (LA)|546
56|41|LUISIANA (LA)|550
57|41|MADROÑO (EL)|551
63|41|MOLARES (LOS)|557
66|41|NAVAS DE LA CONCEPCION (L|511
69|41|PALACIOS Y VILLAFRANCA (L|563
73|41|PEDROSO (EL)|567
77|41|PUEBLA DE CAZALLA (LA)|571
78|41|PUEBLA DE LOS INFANTES (L|572
79|41|PUEBLA DEL RIO (LA)|573
80|41|REAL DE LA JARA (EL)|574
81|41|RINCONADA (LA)|575
82|41|RODA DE ANDALUCIA (LA)|576
83|41|RONQUILLO (EL)|577
84|41|RUBIO (EL)|578
90|41|SAUCEJO (EL)|584
96|41|VALENCINA DE LA CONCEPCIO|590
97|41|VILLAMANRIQUE DE LA CONDE|591
99|41|VILLANUEVA DEL RIO Y MINA|594
102|41|VISO DEL ALCOR (EL)|596
43|42|BURGO DE OSMA-CIUDAD DE O|637
119|42|MONTEAGUDO DE LAS VICARIA|699
149|42|RABANOS (LOS)|720
160|42|ROYO (EL)|730
3|43|ALBIOL (L')|7653
904|43|ALDEA (L')|7656
7|43|ALEIXAR (L')|7658
13|43|AMETLLA DE MAR (L')|7664
906|43|AMPOLLA (L')|7665
16|43|ARBOÇ (L')|7667
27|43|BISBAL DE FALSET (LA)|7679
28|43|BISBAL DEL PENEDES (LA)|7680
31|43|BORGES DEL CAMP (LES)|7683
43|43|CATLLAR (EL)|7696
54|43|ESPLUGA DE FRANCOLI (L')|7706
56|43|FATARELLA (LA)|7708
63|43|GALERA (LA)|7715
70|43|GUIAMETS (ELS)|7722
80|43|MASO (LA)|7732
82|43|MASROIG (EL)|7734
85|43|MOLAR (EL)|7737
90|43|MONTMELL (EL)|7743
95|43|MORELL (EL)|7744
97|43|NOU DE GAIA (LA)|7748
100|43|PALLARESOS (ELS)|7751
99|43|PALMA D'EBRE (LA)|7750
102|43|PAULS|7753
104|43|PERELLO (EL)|7755
106|43|PINELL DE BRAI (EL)|7757
108|43|PLA DE SANTA MARIA (EL)|7759
109|43|POBLA DE MAFUMET (LA)|7760
110|43|POBLA DE MASSALUCA (LA)|7761
111|43|POBLA DE MONTORNES (LA)|7762
113|43|PONT D'ARMENTERA (EL)|7764
124|43|RIBA (LA)|7777
126|43|RIERA DE GAIA (LA)|7778
134|43|ROURELL (EL)|7801
144|43|SECUITA (LA)|7812
145|43|SELVA DEL CAMP (LA)|7813
44|43|SENIA (LA)|7815
152|43|TORRE DE L'ESPANYOL (LA)|7821
162|43|VANDELLOS I L'HOSPITALET|7831
163|43|VENDRELL (EL)|7832
80|44|CODOÑERA (LA)|6952
108|44|FRESNEDA (LA)|6974
126|44|IGLESUELA DEL CID (LA)|6992
146|44|MATA DE LOS OLMOS (LA)|7009
187|44|PORTELLADA (LA)|7046
191|44|PUEBLA DE HIJAR (LA)|7049
192|44|PUEBLA DE VALVERDE (LA)|7050
10|45|ALDEANUEVA DE SAN BARTOLO|1354
33|45|CAMPILLO DE LA JARA (EL)|1377
37|45|CARPIO DE TAJO (EL)|1381
40|45|CASAR DE ESCALONA (EL)|1384
48|45|CERRALBOS (LOS)|1391
65|45|ESTRELLA (LA)|1408
71|45|GUARDIA (LA)|1414
72|45|HERENCIAS (LAS)|1415
79|45|IGLESUELA (LA)|1422
95|45|MATA (LA)|1438
108|45|NAVA DE RICOMALILLO (LA)|1451
112|45|NAVALMORALES (LOS)|1455
113|45|NAVALUCILLOS (LOS)|1456
135|45|PUEBLA DE ALMORADIEL (LA)|1478
136|45|PUEBLA DE MONTALBAN (LA)|1479
137|45|PUEBLANUEVA (LA)|1480
138|45|PUENTE DEL ARZOBISPO (EL)|
144|45|REAL DE SAN VICENTE (EL)|1487
149|45|ROMERAL (EL)|1492
150|45|SAN BARTOLOME DE LAS ABIE|
167|45|TOBOSO (EL)|1511
171|45|TORRE DE ESTEBAN HAMBRAN|1514
182|45|VENTAS CON PEÑA AGUILERA|1525
183|45|VENTAS DE RETAMOSA (LAS)|1526
186|45|VILLA DE DON FADRIQUE (LA|1528
187|45|VILLAFRANCA DE LOS CABALL|1530
199|45|VISO DE SAN JUAN (EL)|1542
200|45|YEBENES (LOS)|1545
19|46|ALCUDIA (L')|
20|46|ALCUDIA DE CRESPINS (L')|5880
37|46|ALQUERIA DE LA COMTESSA (|5898
116|46|ELIANA (L')|5973
119|46|ENOVA (L')|5978
127|46|FONT D'EN CARROS (LA)|5982
128|46|FONT DE LA FIGUERA (LA)|5983
137|46|GRANJA DE LA COSTERA (LA)|5995
157|46|LLOSA DE RANES|6011
170|46|MOGENTE / MOIXENT|6025
172|46|MONSERRAT|6031
180|46|NOVELE / NOVETLE|6035
183|46|OLLERIA (L')|6038
199|46|POBLA DE FARNALS (LA)|6052
202|46|POBLA DE VALLBONA (LA)|6053
200|46|POBLA DEL DUC (LA)|6054
203|46|POBLA LLARGA (LA)|6055
207|46|RAFELBUÑOL / RAFELBUNYOL|6066
220|46|SAGUNTO / SAGUNT|6079
110|47|PARRILLA (LA)|5448
111|47|PEDRAJA DE PORTILLO (LA)|5449
158|47|SECA (LA)|5494
160|47|SIETE IGLESIAS DE TRABANC|5496
176|47|UNION DE CAMPOS (LA)|5512
229|47|VILLAVICENCIO DE LOS CABA|5562
2|48|ABANTO Y CIERVANA / ABANT|2408
29|48|ETXEBARRI, DONEZTEBEKO EL|2446
39|48|GARAY|2453
22|48|KARRANTZA HARANA  /  VALL|2467
7|48|MUNITIBAR-ARBATZEGI GERRI|2488
80|48|VALLE DE TRAPAGA-TRAPAGAR|2510
24|49|BOVEDA DE TORO (LA)|7321
58|49|CUBO DE TIERRA DEL VINO (|7352
95|49|HINIESTA (LA)|7383
102|49|MADERAL (EL)|7390
108|49|MANGANESES DE LA LAMPREAN|7395
109|49|MANGANESES DE LA POLVOROS|7396
132|49|MORERUELA DE LOS INFANZON|7419
146|49|PEGO (EL)|7431
151|49|PERDIGON (EL)|7436
158|49|PIÑERO (EL)|7442
187|49|SAN CRISTOBAL DE ENTREVIÑ|7470
194|49|SAN PEDRO DE LA NAVE-ALME|7477
199|49|SANTA COLOMBA DE LAS MONJ|7481
200|49|SANTA CRISTINA DE LA POLV|7482
22|50|ALMOLDA (LA)|5589
25|50|ALMUNIA DE DOÑA GODINA (L|5592
62|50|BURGO DE EBRO (EL)|5629
110|50|FRASNO (EL)|5675
132|50|JOYOSA (LA)|5695
182|50|MUELA (LA)|5744
219|50|PUEBLA DE ALFINDEN (LA)|5781
222|50|QUINTO DE EBRO|5784
234|50|SAN MARTIN DE LA VIRGEN D|5795
241|50|SAVIÑAN|5791
296|50|ZAIDA (LA)|5858
1|52|MELILLA|